mode,samples,mean_ms,stddev_ms,ci95_ms,min_ms,max_ms
threshold,60,0.18238333333333331,0.20215131869398603,0.05222122304982554,0.006,0.598
random,60,0.17728333333333332,0.19559722465767582,0.05052812102718774,0.006,0.582
bayer2,60,0.17843333333333333,0.19585954554711113,0.05059588569855536,0.006,0.579
bayer4,60,0.1775,0.19536853484320257,0.05046904418372223,0.006,0.578
bayer8,60,0.17671666666666666,0.19605352880831317,0.050645996888611454,0.006,0.58
floyd_steinberg_safe,60,434.96096666666665,530.8463167914831,137.13214483804947,7.359,1549.264
floyd_steinberg_vec,60,123.83798333333334,150.89165617781674,38.97944809129645,2.847,443.729
floyd_steinberg_vec2,60,120.5143,146.10838878389947,37.743799097767806,2.929,428.12
